epoch,accuracy_meningioma_tumor
1,0.28125
50,0.4375
100,0.5625
150,0.5625
200,0.53125
250,0.65625
300,0.625
