epoch,accuracy_meningioma_tumor
1,0.28125
50,0.625
100,0.6875
150,0.75
200,0.65625
250,0.78125
300,0.6875
350,0.78125
400,0.75
450,0.59375
500,0.53125
