epoch,accuracy_meningioma_tumor
1,0.3125
50,0.3125
100,0.21875
150,0.21875
200,0.15625
250,0.15625
300,0.15625
